Position,Size,Tablet,Replicate,Day,Date [DD.MM.YYYY],Operator,Thickness [micron],Temperature [Â°C],Relative Humidity [%],Luminescence [lux]
Position 1,L,L001,1,Day 1,18/11/2020,Paulo,1802.519 ,22.3,32.7,568.6
Position 1,L,L001,2,Day 1,18/11/2020,Paulo,1802.783 ,22.3,32.8,580.4
Position 1,L,L001,3,Day 1,18/11/2020,Paulo,1803.989 ,22.3,32.8,580.5
Position 1,L,L001,4,Day 1,18/11/2020,Paulo,1803.921 ,22.4,33.4,584.5
Position 1,L,L001,5,Day 1,18/11/2020,Paulo,1802.721 ,22.6,33.4,593.8
Position 1,L,L001,1,Day 1,18/11/2020,Jonas,1806.172 ,22.9,36,527.5
Position 1,L,L001,2,Day 1,18/11/2020,Jonas,1805.018 ,22.8,36.3,525.3
Position 1,L,L001,3,Day 1,18/11/2020,Jonas,1804.037 ,22.8,36.4,524.4
Position 1,L,L001,4,Day 1,18/11/2020,Jonas,1805.901 ,22.7,36.6,527.8
Position 1,L,L001,5,Day 1,18/11/2020,Jonas,1805.151 ,22.7,36.3,526.9
Position 1,L,L001,1,Day 1,18/11/2020,Maria,1802.994 ,21.3,31,520.3
Position 1,L,L001,2,Day 1,18/11/2020,Maria,1801.841 ,21.4,31,521
Position 1,L,L001,3,Day 1,18/11/2020,Maria,1802.391 ,21.5,30.9,523.2
Position 1,L,L001,4,Day 1,18/11/2020,Maria,1803.970 ,21.5,30.9,523
Position 1,L,L001,5,Day 1,18/11/2020,Maria,1802.860 ,21.6,31,519.9
Position 1,L,L001,1,Day 2,24/11/2020,Paulo,1802.640 ,20,33.1,552.8
Position 1,L,L001,2,Day 2,24/11/2020,Paulo,1802.648 ,19.9,33.2,553.6
Position 1,L,L001,3,Day 2,24/11/2020,Paulo,1803.348 ,19.9,33.3,550.8
Position 1,L,L001,4,Day 2,24/11/2020,Paulo,1802.996 ,19.9,33.6,549.6
Position 1,L,L001,5,Day 2,24/11/2020,Paulo,1803.246 ,20,33.6,547.6
Position 1,L,L001,1,Day 2,24/11/2020,Jonas,1802.778 ,20.7,31.8,543.3
Position 1,L,L001,2,Day 2,24/11/2020,Jonas,1803.861 ,20.7,31.8,544.6
Position 1,L,L001,3,Day 2,24/11/2020,Jonas,1802.670 ,20.7,31.7,544.7
Position 1,L,L001,4,Day 2,24/11/2020,Jonas,1803.021 ,20.6,32.1,544.1
Position 1,L,L001,5,Day 2,24/11/2020,Jonas,1803.380 ,20.6,31.9,544.8
Position 1,L,L001,1,Day 2,24/11/2020,Maria,1802.560 ,19,34.4,551.6
Position 1,L,L001,2,Day 2,24/11/2020,Maria,1803.824 ,19.1,34.6,552.5
Position 1,L,L001,3,Day 2,24/11/2020,Maria,1803.903 ,19.2,34.4,552.9
Position 1,L,L001,4,Day 2,24/11/2020,Maria,1801.713 ,19.2,34.6,551.8
Position 1,L,L001,5,Day 2,24/11/2020,Maria,1806.233 ,19.3,34.8,552
Position 1,L,L001,1,Day 3,26/11/2020,Paulo,1802.241 ,20.6,31.9,529.6
Position 1,L,L001,2,Day 3,26/11/2020,Paulo,1803.801 ,20.6,32,531.2
Position 1,L,L001,3,Day 3,26/11/2020,Paulo,1803.151 ,20.6,31.8,530.7
Position 1,L,L001,4,Day 3,26/11/2020,Paulo,1803.538 ,20.6,31.5,530.8
Position 1,L,L001,5,Day 3,26/11/2020,Paulo,1803.106 ,20.7,31.5,529.2
Position 1,L,L001,1,Day 3,26/11/2020,Jonas,1804.179 ,20.9,30.8,530
Position 1,L,L001,2,Day 3,26/11/2020,Jonas,1803.617 ,20.9,31,527.3
Position 1,L,L001,3,Day 3,26/11/2020,Jonas,1803.170 ,21,31,527.8
Position 1,L,L001,4,Day 3,26/11/2020,Jonas,1802.038 ,21,31.1,524.3
Position 1,L,L001,5,Day 3,26/11/2020,Jonas,1803.770 ,21,31.1,526
Position 1,L,L001,1,Day 3,26/11/2020,Maria,1802.297 ,19.9,33.2,526.6
Position 1,L,L001,2,Day 3,26/11/2020,Maria,1804.284 ,20,33.1,527.8
Position 1,L,L001,3,Day 3,26/11/2020,Maria,1804.753 ,20.1,33.3,528.2
Position 1,L,L001,4,Day 3,26/11/2020,Maria,1803.794 ,20.2,33,528.7
Position 1,L,L001,5,Day 3,26/11/2020,Maria,1803.512 ,20.2,32.9,528.5
Position 2,L,L002,1,Day 1,18/11/2020,Paulo,1802.859 ,22.3,32.8,578.7
Position 2,L,L002,2,Day 1,18/11/2020,Paulo,1801.295 ,22.3,33,581.6
Position 2,L,L002,3,Day 1,18/11/2020,Paulo,1803.320 ,22.4,33.3,586.6
Position 2,L,L002,4,Day 1,18/11/2020,Paulo,1800.058 ,22.5,33.5,590.7
Position 2,L,L002,5,Day 1,18/11/2020,Paulo,1802.024 ,22.6,33.3,596.4
Position 2,L,L002,1,Day 1,18/11/2020,Jonas,1803.083 ,22.9,36.1,525.9
Position 2,L,L002,2,Day 1,18/11/2020,Jonas,1803.264 ,22.8,36.5,526.5
Position 2,L,L002,3,Day 1,18/11/2020,Jonas,1803.726 ,22.7,36.5,526.5
Position 2,L,L002,4,Day 1,18/11/2020,Jonas,1802.339 ,22.7,36.4,528
Position 2,L,L002,5,Day 1,18/11/2020,Jonas,1801.731 ,22.8,36.3,526.6
Position 2,L,L002,1,Day 1,18/11/2020,Maria,1802.294 ,21.4,30.8,520.9
Position 2,L,L002,2,Day 1,18/11/2020,Maria,1801.925 ,21.4,31,522.2
Position 2,L,L002,3,Day 1,18/11/2020,Maria,1799.088 ,21.5,30.9,522.3
Position 2,L,L002,4,Day 1,18/11/2020,Maria,1799.132 ,21.6,30.9,523.7
Position 2,L,L002,5,Day 1,18/11/2020,Maria,1800.993 ,21.6,31.1,522.5
Position 2,L,L002,1,Day 2,24/11/2020,Paulo,1802.712 ,19.9,33,553.1
Position 2,L,L002,2,Day 2,24/11/2020,Paulo,1801.755 ,19.9,33.2,551.7
Position 2,L,L002,3,Day 2,24/11/2020,Paulo,1801.808 ,19.9,33.3,550.5
Position 2,L,L002,4,Day 2,24/11/2020,Paulo,1801.039 ,19.9,33.4,551.2
Position 2,L,L002,5,Day 2,24/11/2020,Paulo,1798.559 ,20,33.7,548.5
Position 2,L,L002,1,Day 2,24/11/2020,Jonas,1801.989 ,20.7,31.7,543.9
Position 2,L,L002,2,Day 2,24/11/2020,Jonas,1802.251 ,20.7,31.7,544.3
Position 2,L,L002,3,Day 2,24/11/2020,Jonas,1802.132 ,20.6,31.7,545.1
Position 2,L,L002,4,Day 2,24/11/2020,Jonas,1802.256 ,20.6,32.1,543.8
Position 2,L,L002,5,Day 2,24/11/2020,Jonas,1800.896 ,20.6,31.8,544.1
Position 2,L,L002,1,Day 2,24/11/2020,Maria,1802.600 ,19,34.5,552.1
Position 2,L,L002,2,Day 2,24/11/2020,Maria,1800.402 ,19.1,34.6,552.5
Position 2,L,L002,3,Day 2,24/11/2020,Maria,1800.385 ,19.2,34.7,552.8
Position 2,L,L002,4,Day 2,24/11/2020,Maria,1801.575 ,19.3,34.6,552.4
Position 2,L,L002,5,Day 2,24/11/2020,Maria,1804.090 ,19.3,34.8,553.2
Position 2,L,L002,1,Day 3,26/11/2020,Paulo,1802.672 ,20.6,31.8,530
Position 2,L,L002,2,Day 3,26/11/2020,Paulo,1801.254 ,20.7,31.8,531.1
Position 2,L,L002,3,Day 3,26/11/2020,Paulo,1802.038 ,20.6,31.6,530.9
Position 2,L,L002,4,Day 3,26/11/2020,Paulo,1800.315 ,20.6,31.5,530.8
Position 2,L,L002,5,Day 3,26/11/2020,Paulo,1800.921 ,20.7,31.6,528.7
Position 2,L,L002,1,Day 3,26/11/2020,Jonas,1801.534 ,20.9,30.7,531.2
Position 2,L,L002,2,Day 3,26/11/2020,Jonas,1801.163 ,20.9,31,526.7
Position 2,L,L002,3,Day 3,26/11/2020,Jonas,1801.873 ,21,31,526.6
Position 2,L,L002,4,Day 3,26/11/2020,Jonas,1802.278 ,21.1,31.2,524.9
Position 2,L,L002,5,Day 3,26/11/2020,Jonas,1801.837 ,21.1,31.1,527.4
Position 2,L,L002,1,Day 3,26/11/2020,Maria,1801.853 ,19.9,33.2,527.4
Position 2,L,L002,2,Day 3,26/11/2020,Maria,1801.626 ,20,33.2,528.8
Position 2,L,L002,3,Day 3,26/11/2020,Maria,1801.515 ,20.1,33.2,527.8
Position 2,L,L002,4,Day 3,26/11/2020,Maria,1801.969 ,20.2,33.1,529.3
Position 2,L,L002,5,Day 3,26/11/2020,Maria,1802.473 ,20.2,33,529.6
Position 3,L,L003,1,Day 1,18/11/2020,Paulo,1810.829 ,22.3,32.8,578.6
Position 3,L,L003,2,Day 1,18/11/2020,Paulo,1808.832 ,22.3,32.9,582.7
Position 3,L,L003,3,Day 1,18/11/2020,Paulo,1809.732 ,22.4,33.3,587.6
Position 3,L,L003,4,Day 1,18/11/2020,Paulo,1812.460 ,22.5,33.2,591.9
Position 3,L,L003,5,Day 1,18/11/2020,Paulo,1809.375 ,22.6,34.2,597.4
Position 3,L,L003,1,Day 1,18/11/2020,Jonas,1808.025 ,22.9,36.3,526.8
Position 3,L,L003,2,Day 1,18/11/2020,Jonas,1809.756 ,22.8,36.4,526.9
Position 3,L,L003,3,Day 1,18/11/2020,Jonas,1810.492 ,22.7,36.7,528.8
Position 3,L,L003,4,Day 1,18/11/2020,Jonas,1810.019 ,22.8,36.4,527.9
Position 3,L,L003,5,Day 1,18/11/2020,Jonas,1812.597 ,22.7,36.5,526.3
Position 3,L,L003,1,Day 1,18/11/2020,Maria,1809.011 ,21.4,30.9,522
Position 3,L,L003,2,Day 1,18/11/2020,Maria,1809.945 ,21.4,31,522.8
Position 3,L,L003,3,Day 1,18/11/2020,Maria,1810.849 ,21.5,30.9,523.1
Position 3,L,L003,4,Day 1,18/11/2020,Maria,1810.107 ,21.6,31,522.3
Position 3,L,L003,5,Day 1,18/11/2020,Maria,1806.149 ,21.7,31,522.9
Position 3,L,L003,1,Day 2,24/11/2020,Paulo,1809.418 ,19.9,33.1,552.5
Position 3,L,L003,2,Day 2,24/11/2020,Paulo,1811.043 ,19.9,33.2,552.3
Position 3,L,L003,3,Day 2,24/11/2020,Paulo,1809.980 ,19.9,33.3,550.5
Position 3,L,L003,4,Day 2,24/11/2020,Paulo,1808.966 ,20,33.4,550.5
Position 3,L,L003,5,Day 2,24/11/2020,Paulo,1809.757 ,20,33.5,549.7
Position 3,L,L003,1,Day 2,24/11/2020,Jonas,1810.408 ,20.7,31.8,544.8
Position 3,L,L003,2,Day 2,24/11/2020,Jonas,1807.164 ,20.7,31.8,546
Position 3,L,L003,3,Day 2,24/11/2020,Jonas,1809.821 ,20.6,31.8,545.6
Position 3,L,L003,4,Day 2,24/11/2020,Jonas,1809.749 ,20.6,31.9,545.6
Position 3,L,L003,5,Day 2,24/11/2020,Jonas,1807.844 ,20.6,31.8,542.9
Position 3,L,L003,1,Day 2,24/11/2020,Maria,1807.555 ,19,34.6,553.2
Position 3,L,L003,2,Day 2,24/11/2020,Maria,1808.833 ,19.1,34.7,552.8
Position 3,L,L003,3,Day 2,24/11/2020,Maria,1808.304 ,19.2,34.6,552.5
Position 3,L,L003,4,Day 2,24/11/2020,Maria,1808.110 ,19.3,34.7,551.6
Position 3,L,L003,5,Day 2,24/11/2020,Maria,1808.166 ,19.4,35,552.3
Position 3,L,L003,1,Day 3,26/11/2020,Paulo,1809.670 ,20.6,31.7,530.3
Position 3,L,L003,2,Day 3,26/11/2020,Paulo,1807.492 ,20.6,31.7,529.6
Position 3,L,L003,3,Day 3,26/11/2020,Paulo,1812.713 ,20.6,31.5,530.9
Position 3,L,L003,4,Day 3,26/11/2020,Paulo,1809.289 ,20.6,31.8,530.4
Position 3,L,L003,5,Day 3,26/11/2020,Paulo,1807.883 ,20.7,31.4,529.4
Position 3,L,L003,1,Day 3,26/11/2020,Jonas,1807.090 ,20.9,30.7,529.1
Position 3,L,L003,2,Day 3,26/11/2020,Jonas,1807.594 ,21,31,526.4
Position 3,L,L003,3,Day 3,26/11/2020,Jonas,1809.987 ,21,31,525.2
Position 3,L,L003,4,Day 3,26/11/2020,Jonas,1810.124 ,21,31.2,526.2
Position 3,L,L003,5,Day 3,26/11/2020,Jonas,1808.732 ,21.1,31.1,526.4
Position 3,L,L003,1,Day 3,26/11/2020,Maria,1810.156 ,19.9,33.1,527.7
Position 3,L,L003,2,Day 3,26/11/2020,Maria,1807.994 ,20,33.2,529
Position 3,L,L003,3,Day 3,26/11/2020,Maria,1809.943 ,20.1,33.1,528.5
Position 3,L,L003,4,Day 3,26/11/2020,Maria,1810.060 ,20.2,33.1,529
Position 3,L,L003,5,Day 3,26/11/2020,Maria,1812.847 ,20.3,33.1,527.9
Position 1,L,L004,1,Day 1,18/11/2020,Paulo,1809.825 ,22.6,33.4,599.3
Position 1,L,L004,2,Day 1,18/11/2020,Paulo,1809.928 ,22.6,33.8,600.4
Position 1,L,L004,3,Day 1,18/11/2020,Paulo,1806.745 ,22.6,33.8,603.3
Position 1,L,L004,4,Day 1,18/11/2020,Paulo,1809.201 ,22.7,33.7,607.4
Position 1,L,L004,5,Day 1,18/11/2020,Paulo,1809.033 ,22.7,33.8,611.1
Position 1,L,L004,1,Day 1,18/11/2020,Jonas,1808.966 ,22.7,36.4,523
Position 1,L,L004,2,Day 1,18/11/2020,Jonas,1810.645 ,22.7,36.2,522.6
Position 1,L,L004,3,Day 1,18/11/2020,Jonas,1808.565 ,22.7,35.9,516.7
Position 1,L,L004,4,Day 1,18/11/2020,Jonas,1808.708 ,22.6,35.8,515.5
Position 1,L,L004,5,Day 1,18/11/2020,Jonas,1807.581 ,22.6,35.6,513.1
Position 1,L,L004,1,Day 1,18/11/2020,Maria,1806.230 ,21.7,31,519.2
Position 1,L,L004,2,Day 1,18/11/2020,Maria,1808.102 ,21.7,30.8,520.7
Position 1,L,L004,3,Day 1,18/11/2020,Maria,1806.336 ,21.8,30.9,521.2
Position 1,L,L004,4,Day 1,18/11/2020,Maria,1805.744 ,21.8,30.8,521.6
Position 1,L,L004,5,Day 1,18/11/2020,Maria,1805.179 ,21.9,30.8,521.2
Position 1,L,L004,1,Day 2,24/11/2020,Paulo,1807.141 ,20,33.6,549.7
Position 1,L,L004,2,Day 2,24/11/2020,Paulo,1808.603 ,20.1,33.8,549.9
Position 1,L,L004,3,Day 2,24/11/2020,Paulo,1806.140 ,20.1,33.7,548.2
Position 1,L,L004,4,Day 2,24/11/2020,Paulo,1806.445 ,20.1,33.3,550.2
Position 1,L,L004,5,Day 2,24/11/2020,Paulo,1807.450 ,20.2,33.3,550.8
Position 1,L,L004,1,Day 2,24/11/2020,Jonas,1808.988 ,20.6,32,542.4
Position 1,L,L004,2,Day 2,24/11/2020,Jonas,1807.218 ,20.6,31.9,543.6
Position 1,L,L004,3,Day 2,24/11/2020,Jonas,1808.626 ,20.5,31.9,544.1
Position 1,L,L004,4,Day 2,24/11/2020,Jonas,1808.381 ,20.5,32,544.9
Position 1,L,L004,5,Day 2,24/11/2020,Jonas,1807.165 ,20.5,32,545.7
Position 1,L,L004,1,Day 2,24/11/2020,Maria,1807.423 ,19.4,35.3,550.4
Position 1,L,L004,2,Day 2,24/11/2020,Maria,1807.270 ,19.4,35.1,551.6
Position 1,L,L004,3,Day 2,24/11/2020,Maria,1806.496 ,19.5,35.1,554.1
Position 1,L,L004,4,Day 2,24/11/2020,Maria,1806.982 ,19.6,35.3,553.9
Position 1,L,L004,5,Day 2,24/11/2020,Maria,1807.449 ,19.6,35.6,551.2
Position 1,L,L004,1,Day 3,26/11/2020,Paulo,1807.227 ,20.7,31.5,527.7
Position 1,L,L004,2,Day 3,26/11/2020,Paulo,1807.932 ,20.7,32,526
Position 1,L,L004,3,Day 3,26/11/2020,Paulo,1805.209 ,20.8,31.9,530
Position 1,L,L004,4,Day 3,26/11/2020,Paulo,1805.703 ,20.8,31.7,530.1
Position 1,L,L004,5,Day 3,26/11/2020,Paulo,1805.643 ,20.8,31.6,527.8
Position 1,L,L004,1,Day 3,26/11/2020,Jonas,1809.180 ,21.2,31.1,527
Position 1,L,L004,2,Day 3,26/11/2020,Jonas,1806.676 ,21.2,31.1,525.8
Position 1,L,L004,3,Day 3,26/11/2020,Jonas,1803.502 ,21.2,31.2,524.6
Position 1,L,L004,4,Day 3,26/11/2020,Jonas,1805.099 ,21.3,31.2,523.6
Position 1,L,L004,5,Day 3,26/11/2020,Jonas,1807.618 ,21.3,31,524.9
Position 1,L,L004,1,Day 3,26/11/2020,Maria,1806.559 ,20.4,32.9,527.8
Position 1,L,L004,2,Day 3,26/11/2020,Maria,1807.428 ,20.4,32.7,524.6
Position 1,L,L004,3,Day 3,26/11/2020,Maria,1807.213 ,20.5,32.5,525.9
Position 1,L,L004,4,Day 3,26/11/2020,Maria,1806.668 ,20.5,32.5,527.6
Position 1,L,L004,5,Day 3,26/11/2020,Maria,1806.798 ,20.6,32.3,528
Position 2,L,L005,1,Day 1,18/11/2020,Paulo,1803.743 ,22.6,33.6,600.3
Position 2,L,L005,2,Day 1,18/11/2020,Paulo,1803.527 ,22.6,33.7,603.1
Position 2,L,L005,3,Day 1,18/11/2020,Paulo,1804.407 ,22.6,33.9,606.2
Position 2,L,L005,4,Day 1,18/11/2020,Paulo,1805.472 ,22.7,33.8,609.8
Position 2,L,L005,5,Day 1,18/11/2020,Paulo,1805.915 ,22.7,34,617.8
Position 2,L,L005,1,Day 1,18/11/2020,Jonas,1806.408 ,22.7,36.2,523.4
Position 2,L,L005,2,Day 1,18/11/2020,Jonas,1805.783 ,22.7,36,521.7
Position 2,L,L005,3,Day 1,18/11/2020,Jonas,1804.350 ,22.6,35.8,517
Position 2,L,L005,4,Day 1,18/11/2020,Jonas,1806.060 ,22.6,35.7,514.8
Position 2,L,L005,5,Day 1,18/11/2020,Jonas,1807.907 ,22.6,35.7,513.3
Position 2,L,L005,1,Day 1,18/11/2020,Maria,1803.388 ,21.7,31,520.8
Position 2,L,L005,2,Day 1,18/11/2020,Maria,1806.485 ,21.8,30.9,521.7
Position 2,L,L005,3,Day 1,18/11/2020,Maria,1804.613 ,21.8,30.8,521.5
Position 2,L,L005,4,Day 1,18/11/2020,Maria,1803.607 ,21.8,30.8,521.6
Position 2,L,L005,5,Day 1,18/11/2020,Maria,1803.585 ,21.9,30.8,522.1
Position 2,L,L005,1,Day 2,24/11/2020,Paulo,1804.675 ,20,33.5,549.2
Position 2,L,L005,2,Day 2,24/11/2020,Paulo,1804.058 ,20.1,33.6,547.2
Position 2,L,L005,3,Day 2,24/11/2020,Paulo,1804.057 ,20.1,33.5,548.3
Position 2,L,L005,4,Day 2,24/11/2020,Paulo,1803.440 ,20.2,33.3,550
Position 2,L,L005,5,Day 2,24/11/2020,Paulo,1806.768 ,20.2,33.5,550.7
Position 2,L,L005,1,Day 2,24/11/2020,Jonas,1803.609 ,20.6,31.9,544.2
Position 2,L,L005,2,Day 2,24/11/2020,Jonas,1804.385 ,20.6,31.7,542.5
Position 2,L,L005,3,Day 2,24/11/2020,Jonas,1804.996 ,20.5,31.8,544.3
Position 2,L,L005,4,Day 2,24/11/2020,Jonas,1805.067 ,20.5,31.9,546
Position 2,L,L005,5,Day 2,24/11/2020,Jonas,1803.583 ,20.5,31.7,548.4
Position 2,L,L005,1,Day 2,24/11/2020,Maria,1804.959 ,19.4,35,551.3
Position 2,L,L005,2,Day 2,24/11/2020,Maria,1805.162 ,19.5,35.1,552.4
Position 2,L,L005,3,Day 2,24/11/2020,Maria,1803.382 ,19.5,35.2,552.3
Position 2,L,L005,4,Day 2,24/11/2020,Maria,1805.250 ,19.6,35.4,550.9
Position 2,L,L005,5,Day 2,24/11/2020,Maria,1803.366 ,19.6,35.5,554.5
Position 2,L,L005,1,Day 3,26/11/2020,Paulo,1803.793 ,20.7,31.6,527.1
Position 2,L,L005,2,Day 3,26/11/2020,Paulo,1804.353 ,20.8,31.9,524.9
Position 2,L,L005,3,Day 3,26/11/2020,Paulo,1803.832 ,20.8,32,529.9
Position 2,L,L005,4,Day 3,26/11/2020,Paulo,1806.040 ,20.8,31.7,530.3
Position 2,L,L005,5,Day 3,26/11/2020,Paulo,1804.490 ,20.7,31.5,527.6
Position 2,L,L005,1,Day 3,26/11/2020,Jonas,1805.113 ,21.2,31.2,525.9
Position 2,L,L005,2,Day 3,26/11/2020,Jonas,1805.664 ,21.2,31.3,525.3
Position 2,L,L005,3,Day 3,26/11/2020,Jonas,1803.028 ,21.2,31.1,524.4
Position 2,L,L005,4,Day 3,26/11/2020,Jonas,1804.194 ,21.3,31,525.6
Position 2,L,L005,5,Day 3,26/11/2020,Jonas,1806.515 ,21.3,31,527
Position 2,L,L005,1,Day 3,26/11/2020,Maria,1805.148 ,20.4,32.8,527.4
Position 2,L,L005,2,Day 3,26/11/2020,Maria,1804.748 ,20.4,32.5,526.2
Position 2,L,L005,3,Day 3,26/11/2020,Maria,1804.047 ,20.5,32.8,526.7
Position 2,L,L005,4,Day 3,26/11/2020,Maria,1804.851 ,20.6,32.5,526.8
Position 2,L,L005,5,Day 3,26/11/2020,Maria,1804.676 ,20.6,32.1,528.9
Position 1,M,M001,1,Day 1,17/11/2020,Paulo,1550.050 ,23.6,32.7,603.1
Position 1,M,M001,2,Day 1,17/11/2020,Paulo,1546.192 ,23.6,32.7,576.5
Position 1,M,M001,3,Day 1,17/11/2020,Paulo,1550.482 ,23.5,32.7,615.7
Position 1,M,M001,4,Day 1,17/11/2020,Paulo,1547.922 ,23.5,32.1,616.9
Position 1,M,M001,5,Day 1,17/11/2020,Paulo,1547.117 ,23.4,32.2,625.8
Position 1,M,M001,1,Day 1,17/11/2020,Jonas,1549.424 ,23.3,31.5,479.9
Position 1,M,M001,2,Day 1,17/11/2020,Jonas,1551.447 ,23.4,31.8,476.3
Position 1,M,M001,3,Day 1,17/11/2020,Jonas,1549.091 ,23.3,31.7,474.3
Position 1,M,M001,4,Day 1,17/11/2020,Jonas,1546.871 ,23.3,32,471.3
Position 1,M,M001,5,Day 1,17/11/2020,Jonas,1548.149 ,23.4,32.1,470.4
Position 1,M,M001,1,Day 1,17/11/2020,Maria,1547.055 ,22.6,31.5,556.3
Position 1,M,M001,2,Day 1,17/11/2020,Maria,1547.994 ,22.7,31.7,564.2
Position 1,M,M001,3,Day 1,17/11/2020,Maria,1547.203 ,22.8,31.2,574.8
Position 1,M,M001,4,Day 1,17/11/2020,Maria,1547.977 ,22.9,31.5,587.9
Position 1,M,M001,5,Day 1,17/11/2020,Maria,1549.365 ,22.9,32.1,585.5
Position 1,M,M001,1,Day 2,24/11/2020,Paulo,1545.829 ,19.8,35.6,555
Position 1,M,M001,2,Day 2,24/11/2020,Paulo,1547.531 ,19.8,35.7,554.3
Position 1,M,M001,3,Day 2,24/11/2020,Paulo,1549.835 ,19.8,35.7,553.7
Position 1,M,M001,4,Day 2,24/11/2020,Paulo,1549.973 ,19.9,36,552.1
Position 1,M,M001,5,Day 2,24/11/2020,Paulo,1547.171 ,19.9,36,553.1
Position 1,M,M001,1,Day 2,24/11/2020,Jonas,1547.513 ,20.3,33.1,546.1
Position 1,M,M001,2,Day 2,24/11/2020,Jonas,1547.877 ,20.3,33.1,544.8
Position 1,M,M001,3,Day 2,24/11/2020,Jonas,1548.910 ,20.5,33.2,545.7
Position 1,M,M001,4,Day 2,24/11/2020,Jonas,1546.099 ,20.5,32.8,544.9
Position 1,M,M001,5,Day 2,24/11/2020,Jonas,1547.318 ,20.6,32.9,545.7
Position 1,M,M001,1,Day 2,24/11/2020,Maria,1545.161 ,18,32.5,550.1
Position 1,M,M001,2,Day 2,24/11/2020,Maria,1546.751 ,18.1,32.7,546
Position 1,M,M001,3,Day 2,24/11/2020,Maria,1545.189 ,18.2,32.8,548.9
Position 1,M,M001,4,Day 2,24/11/2020,Maria,1547.842 ,18.3,33.1,552.5
Position 1,M,M001,5,Day 2,24/11/2020,Maria,1549.648 ,18.4,33.6,552.4
Position 1,M,M001,1,Day 3,25/11/2020,Paulo,1547.498 ,20.2,33.9,548.8
Position 1,M,M001,2,Day 3,25/11/2020,Paulo,1546.087 ,20.2,34,548.5
Position 1,M,M001,3,Day 3,25/11/2020,Paulo,1549.762 ,20.3,34,547.1
Position 1,M,M001,4,Day 3,25/11/2020,Paulo,1549.406 ,20.3,33.7,546.8
Position 1,M,M001,5,Day 3,25/11/2020,Paulo,1547.207 ,20.3,33.7,544.4
Position 1,M,M001,1,Day 3,25/11/2020,Jonas,1547.894 ,21.1,32.6,536.1
Position 1,M,M001,2,Day 3,25/11/2020,Jonas,1551.336 ,21.1,33,536.5
Position 1,M,M001,3,Day 3,25/11/2020,Jonas,1549.462 ,21.2,32.9,538.4
Position 1,M,M001,4,Day 3,25/11/2020,Jonas,1547.142 ,21.2,32.7,537.8
Position 1,M,M001,5,Day 3,25/11/2020,Jonas,1546.688 ,21.2,32.5,536.3
Position 1,M,M001,1,Day 3,25/11/2020,Maria,1548.176 ,19.3,33.9,549
Position 1,M,M001,2,Day 3,25/11/2020,Maria,1547.778 ,19.4,34,552.6
Position 1,M,M001,3,Day 3,25/11/2020,Maria,1543.522 ,19.4,34,549.3
Position 1,M,M001,4,Day 3,25/11/2020,Maria,1544.783 ,19.4,34.1,548.5
Position 1,M,M001,5,Day 3,25/11/2020,Maria,1548.331 ,19.5,34.1,549.7
Position 2,M,M002,1,Day 1,17/11/2020,Paulo,1560.637 ,23.6,32.6,591.8
Position 2,M,M002,2,Day 1,17/11/2020,Paulo,1560.384 ,23.6,32.6,579.6
Position 2,M,M002,3,Day 1,17/11/2020,Paulo,1557.726 ,23.5,32.4,616.3
Position 2,M,M002,4,Day 1,17/11/2020,Paulo,1560.847 ,23.5,32.2,557.7
Position 2,M,M002,5,Day 1,17/11/2020,Paulo,1563.354 ,23.4,32.2,617.2
Position 2,M,M002,1,Day 1,17/11/2020,Jonas,1561.286 ,23.4,31.4,480.1
Position 2,M,M002,2,Day 1,17/11/2020,Jonas,1561.746 ,23.4,31.3,477.4
Position 2,M,M002,3,Day 1,17/11/2020,Jonas,1561.526 ,23.3,31.9,471.5
Position 2,M,M002,4,Day 1,17/11/2020,Jonas,1560.006 ,23.3,32.1,468.1
Position 2,M,M002,5,Day 1,17/11/2020,Jonas,1560.409 ,23.4,32.1,469.6
Position 2,M,M002,1,Day 1,17/11/2020,Maria,1562.075 ,22.6,31.7,556.5
Position 2,M,M002,2,Day 1,17/11/2020,Maria,1560.348 ,22.7,31.6,569.8
Position 2,M,M002,3,Day 1,17/11/2020,Maria,1561.397 ,22.8,31.5,582.9
Position 2,M,M002,4,Day 1,17/11/2020,Maria,1559.777 ,22.9,31.4,591
Position 2,M,M002,5,Day 1,17/11/2020,Maria,1564.826 ,23,31.3,584.6
Position 2,M,M002,1,Day 2,24/11/2020,Paulo,1561.074 ,19.8,35.5,555.2
Position 2,M,M002,2,Day 2,24/11/2020,Paulo,1558.558 ,19.8,35.6,554.3
Position 2,M,M002,3,Day 2,24/11/2020,Paulo,1559.764 ,19.9,35.8,554.8
Position 2,M,M002,4,Day 2,24/11/2020,Paulo,1561.384 ,19.9,35.9,552.7
Position 2,M,M002,5,Day 2,24/11/2020,Paulo,1562.991 ,19.9,36,550.7
Position 2,M,M002,1,Day 2,24/11/2020,Jonas,1560.736 ,20.3,33,546.6
Position 2,M,M002,2,Day 2,24/11/2020,Jonas,1560.887 ,20.4,33.2,544.4
Position 2,M,M002,3,Day 2,24/11/2020,Jonas,1561.658 ,20.5,33,545.3
Position 2,M,M002,4,Day 2,24/11/2020,Jonas,1560.760 ,20.5,32.9,545
Position 2,M,M002,5,Day 2,24/11/2020,Jonas,1561.993 ,20.6,32.7,546
Position 2,M,M002,1,Day 2,24/11/2020,Maria,1560.823 ,18.1,32.6,549.7
Position 2,M,M002,2,Day 2,24/11/2020,Maria,1561.569 ,18.2,33,549.7
Position 2,M,M002,3,Day 2,24/11/2020,Maria,1561.423 ,18.2,33.2,550.4
Position 2,M,M002,4,Day 2,24/11/2020,Maria,1560.526 ,18.3,33.4,554.2
Position 2,M,M002,5,Day 2,24/11/2020,Maria,1561.053 ,18.5,33.4,554.6
Position 2,M,M002,1,Day 3,25/11/2020,Paulo,1558.797 ,20.2,33.2,548.4
Position 2,M,M002,2,Day 3,25/11/2020,Paulo,1561.158 ,20.2,34,547.9
Position 2,M,M002,3,Day 3,25/11/2020,Paulo,1558.580 ,20.3,33.9,546.7
Position 2,M,M002,4,Day 3,25/11/2020,Paulo,1560.516 ,20.3,33.8,545.6
Position 2,M,M002,5,Day 3,25/11/2020,Paulo,1563.240 ,20.4,33.5,544.4
Position 2,M,M002,1,Day 3,25/11/2020,Jonas,1561.943 ,21.1,32.5,536.3
Position 2,M,M002,2,Day 3,25/11/2020,Jonas,1561.528 ,21.1,32.8,537.7
Position 2,M,M002,3,Day 3,25/11/2020,Jonas,1559.620 ,21.2,32.7,537.3
Position 2,M,M002,4,Day 3,25/11/2020,Jonas,1561.433 ,21.2,32.8,537.8
Position 2,M,M002,5,Day 3,25/11/2020,Jonas,1563.747 ,21.2,32.4,538.9
Position 2,M,M002,1,Day 3,25/11/2020,Maria,1561.285 ,19.3,34.2,551
Position 2,M,M002,2,Day 3,25/11/2020,Maria,1563.022 ,19.4,34,551
Position 2,M,M002,3,Day 3,25/11/2020,Maria,1560.694 ,19.4,34.2,551
Position 2,M,M002,4,Day 3,25/11/2020,Maria,1560.936 ,19.4,34.1,549.1
Position 2,M,M002,5,Day 3,25/11/2020,Maria,1561.186 ,19.5,34.3,550
Position 3,M,M003,1,Day 1,17/11/2020,Paulo,1538.819 ,23.6,32.6,606.2
Position 3,M,M003,2,Day 1,17/11/2020,Paulo,1534.994 ,23.5,32.4,598.6
Position 3,M,M003,3,Day 1,17/11/2020,Paulo,1534.512 ,23.5,32.4,619.8
Position 3,M,M003,4,Day 1,17/11/2020,Paulo,1533.188 ,23.5,32.1,605.7
Position 3,M,M003,5,Day 1,17/11/2020,Paulo,1535.074 ,23.4,32,586.3
Position 3,M,M003,1,Day 1,17/11/2020,Jonas,1535.276 ,23.4,31.7,481.5
Position 3,M,M003,2,Day 1,17/11/2020,Jonas,1535.233 ,23.3,31.6,477.5
Position 3,M,M003,3,Day 1,17/11/2020,Jonas,1535.290 ,23.3,32,473.2
Position 3,M,M003,4,Day 1,17/11/2020,Jonas,1533.246 ,23.3,32,471.4
Position 3,M,M003,5,Day 1,17/11/2020,Jonas,1536.847 ,23.3,31.9,469.2
Position 3,M,M003,1,Day 1,17/11/2020,Maria,1536.017 ,22.6,31.6,554.9
Position 3,M,M003,2,Day 1,17/11/2020,Maria,1535.243 ,22.8,31.6,568.7
Position 3,M,M003,3,Day 1,17/11/2020,Maria,1533.953 ,22.8,31.3,586.6
Position 3,M,M003,4,Day 1,17/11/2020,Maria,1535.751 ,22.9,31.3,595
Position 3,M,M003,5,Day 1,17/11/2020,Maria,1536.114 ,23,31.6,593.3
Position 3,M,M003,1,Day 2,24/11/2020,Paulo,1536.427 ,19.8,35.5,556.1
Position 3,M,M003,2,Day 2,24/11/2020,Paulo,1529.168 ,19.8,35.7,554.1
Position 3,M,M003,3,Day 2,24/11/2020,Paulo,1535.068 ,19.9,35.8,554
Position 3,M,M003,4,Day 2,24/11/2020,Paulo,1534.378 ,19.9,35.9,552.7
Position 3,M,M003,5,Day 2,24/11/2020,Paulo,1532.660 ,19.9,36,551.7
Position 3,M,M003,1,Day 2,24/11/2020,Jonas,1532.749 ,20.7,32.9,545.5
Position 3,M,M003,2,Day 2,24/11/2020,Jonas,1532.853 ,20.4,33.6,547
Position 3,M,M003,3,Day 2,24/11/2020,Jonas,1533.321 ,20.5,32.7,545.6
Position 3,M,M003,4,Day 2,24/11/2020,Jonas,1533.192 ,20.6,33.1,546.6
Position 3,M,M003,5,Day 2,24/11/2020,Jonas,1531.782 ,20.6,32.6,546.3
Position 3,M,M003,1,Day 2,24/11/2020,Maria,1533.894 ,18.1,32.6,547
Position 3,M,M003,2,Day 2,24/11/2020,Maria,1534.974 ,18.2,32.8,551.3
Position 3,M,M003,3,Day 2,24/11/2020,Maria,1533.224 ,18.3,33.1,553.4
Position 3,M,M003,4,Day 2,24/11/2020,Maria,1533.770 ,18.4,33.5,549.5
Position 3,M,M003,5,Day 2,24/11/2020,Maria,1534.835 ,18.5,33.7,553.7
Position 3,M,M003,1,Day 3,25/11/2020,Paulo,1537.281 ,20.2,33.9,549.5
Position 3,M,M003,2,Day 3,25/11/2020,Paulo,1532.818 ,20.3,33.8,547.1
Position 3,M,M003,3,Day 3,25/11/2020,Paulo,1534.924 ,20.3,34,547.6
Position 3,M,M003,4,Day 3,25/11/2020,Paulo,1532.910 ,20.3,34.2,544.7
Position 3,M,M003,5,Day 3,25/11/2020,Paulo,1533.709 ,20.4,33.5,544.7
Position 3,M,M003,1,Day 3,25/11/2020,Jonas,1534.108 ,21.1,32.6,532.6
Position 3,M,M003,2,Day 3,25/11/2020,Jonas,1533.037 ,21.2,32.8,537.4
Position 3,M,M003,3,Day 3,25/11/2020,Jonas,1536.586 ,21.2,32.7,537.8
Position 3,M,M003,4,Day 3,25/11/2020,Jonas,1532.773 ,21.2,32.7,537.9
Position 3,M,M003,5,Day 3,25/11/2020,Jonas,1532.342 ,21.2,32.4,539.4
Position 3,M,M003,1,Day 3,25/11/2020,Maria,1536.224 ,19.3,33.9,550.7
Position 3,M,M003,2,Day 3,25/11/2020,Maria,1534.567 ,19.4,34,551.1
Position 3,M,M003,3,Day 3,25/11/2020,Maria,1531.163 ,19.4,34.2,550.7
Position 3,M,M003,4,Day 3,25/11/2020,Maria,1534.456 ,19.4,34.1,550.7
Position 3,M,M003,5,Day 3,25/11/2020,Maria,1533.668 ,19.5,34.1,549.7
Position 1,M,M004,1,Day 1,17/11/2020,Paulo,1550.978 ,23.4,32,593
Position 1,M,M004,2,Day 1,17/11/2020,Paulo,1550.777 ,23.4,31.7,582.2
Position 1,M,M004,3,Day 1,17/11/2020,Paulo,1547.325 ,23.4,31.7,589.8
Position 1,M,M004,4,Day 1,17/11/2020,Paulo,1548.907 ,23.4,31.9,590.6
Position 1,M,M004,5,Day 1,17/11/2020,Paulo,1546.848 ,23.4,31.5,538.9
Position 1,M,M004,1,Day 1,17/11/2020,Jonas,1547.987 ,23.3,31.9,467.5
Position 1,M,M004,2,Day 1,17/11/2020,Jonas,1548.759 ,23.3,32,471.1
Position 1,M,M004,3,Day 1,17/11/2020,Jonas,1551.242 ,23.3,32.1,476.3
Position 1,M,M004,4,Day 1,17/11/2020,Jonas,1547.694 ,23.2,32.2,476.5
Position 1,M,M004,5,Day 1,17/11/2020,Jonas,1546.994 ,23.2,32.1,476.4
Position 1,M,M004,1,Day 1,17/11/2020,Maria,1548.710 ,23.1,31.5,593.9
Position 1,M,M004,2,Day 1,17/11/2020,Maria,1548.761 ,23.1,31.6,616.3
Position 1,M,M004,3,Day 1,17/11/2020,Maria,1548.113 ,23.2,31.8,611.1
Position 1,M,M004,4,Day 1,17/11/2020,Maria,1547.058 ,23.2,31.9,623.2
Position 1,M,M004,5,Day 1,17/11/2020,Maria,1550.189 ,23.3,32.2,626.4
Position 1,M,M004,1,Day 2,24/11/2020,Paulo,1548.526 ,19.9,35.7,551.5
Position 1,M,M004,2,Day 2,24/11/2020,Paulo,1545.943 ,19.9,35.9,552
Position 1,M,M004,3,Day 2,24/11/2020,Paulo,1550.860 ,20,35.3,549.8
Position 1,M,M004,4,Day 2,24/11/2020,Paulo,1548.971 ,20,35,544.1
Position 1,M,M004,5,Day 2,24/11/2020,Paulo,1546.149 ,20.1,34.9,551.5
Position 1,M,M004,1,Day 2,24/11/2020,Jonas,1550.875 ,20.6,33,545
Position 1,M,M004,2,Day 2,24/11/2020,Jonas,1550.141 ,20.7,32.6,546.1
Position 1,M,M004,3,Day 2,24/11/2020,Jonas,1547.065 ,20.7,32.4,545.5
Position 1,M,M004,4,Day 2,24/11/2020,Jonas,1548.655 ,20.7,32.1,544.2
Position 1,M,M004,5,Day 2,24/11/2020,Jonas,1548.514 ,20.7,32.1,545.7
Position 1,M,M004,1,Day 2,24/11/2020,Maria,1549.466 ,18.5,33.7,553.9
Position 1,M,M004,2,Day 2,24/11/2020,Maria,1548.632 ,18.6,34.1,553.2
Position 1,M,M004,3,Day 2,24/11/2020,Maria,1547.054 ,18.6,34.1,552.4
Position 1,M,M004,4,Day 2,24/11/2020,Maria,1548.275 ,18.7,34.1,553.2
Position 1,M,M004,5,Day 2,24/11/2020,Maria,1548.539 ,18.8,34.4,552.5
Position 1,M,M004,1,Day 3,25/11/2020,Paulo,1547.155 ,20.4,33.6,545.5
Position 1,M,M004,2,Day 3,25/11/2020,Paulo,1548.433 ,20.4,33.4,544.9
Position 1,M,M004,3,Day 3,25/11/2020,Paulo,1548.165 ,20.5,33.3,544.1
Position 1,M,M004,4,Day 3,25/11/2020,Paulo,1545.639 ,20.5,33.2,544.9
Position 1,M,M004,5,Day 3,25/11/2020,Paulo,1547.035 ,20.5,33.3,546.6
Position 1,M,M004,1,Day 3,25/11/2020,Jonas,1550.624 ,21.2,32.5,539.1
Position 1,M,M004,2,Day 3,25/11/2020,Jonas,1548.966 ,21.2,32.6,537.7
Position 1,M,M004,3,Day 3,25/11/2020,Jonas,1548.502 ,21.2,32.6,538.5
Position 1,M,M004,4,Day 3,25/11/2020,Jonas,1550.411 ,21.2,32.3,538.5
Position 1,M,M004,5,Day 3,25/11/2020,Jonas,1547.974 ,21.2,32,536.4
Position 1,M,M004,1,Day 3,25/11/2020,Maria,1548.702 ,19.5,34.1,550.6
Position 1,M,M004,2,Day 3,25/11/2020,Maria,1549.254 ,19.6,34.7,550
Position 1,M,M004,3,Day 3,25/11/2020,Maria,1546.763 ,19.6,33.9,550.6
Position 1,M,M004,4,Day 3,25/11/2020,Maria,1546.183 ,19.6,33.9,549.9
Position 1,M,M004,5,Day 3,25/11/2020,Maria,1548.815 ,19.6,34,552.1
Position 2,M,M005,1,Day 1,17/11/2020,Paulo,1560.652 ,23.4,32,584.4
Position 2,M,M005,2,Day 1,17/11/2020,Paulo,1557.446 ,23.4,31.8,589.7
Position 2,M,M005,3,Day 1,17/11/2020,Paulo,1561.303 ,23.4,31.6,582.7
Position 2,M,M005,4,Day 1,17/11/2020,Paulo,1558.995 ,23.4,31.7,557.2
Position 2,M,M005,5,Day 1,17/11/2020,Paulo,1558.656 ,23.4,31.7,551.3
Position 2,M,M005,1,Day 1,17/11/2020,Jonas,1560.550 ,23.3,31.9,469.1
Position 2,M,M005,2,Day 1,17/11/2020,Jonas,1559.585 ,23.3,32.2,474.3
Position 2,M,M005,3,Day 1,17/11/2020,Jonas,1561.240 ,23.3,32.2,477.6
Position 2,M,M005,4,Day 1,17/11/2020,Jonas,1555.256 ,23.2,32.3,477.2
Position 2,M,M005,5,Day 1,17/11/2020,Jonas,1559.727 ,23.1,32.3,476.6
Position 2,M,M005,1,Day 1,17/11/2020,Maria,1559.454 ,23.1,31.7,606.8
Position 2,M,M005,2,Day 1,17/11/2020,Maria,1562.232 ,23.2,31.8,616.4
Position 2,M,M005,3,Day 1,17/11/2020,Maria,1562.110 ,23.2,32.1,620.5
Position 2,M,M005,4,Day 1,17/11/2020,Maria,1556.773 ,23.3,32.1,625.1
Position 2,M,M005,5,Day 1,17/11/2020,Maria,1560.237 ,23.4,32.1,640.8
Position 2,M,M005,1,Day 2,24/11/2020,Paulo,1558.970 ,19.9,35.4,549.7
Position 2,M,M005,2,Day 2,24/11/2020,Paulo,1561.707 ,20,35.4,550.9
Position 2,M,M005,3,Day 2,24/11/2020,Paulo,1558.786 ,20.2,34.2,551.8
Position 2,M,M005,4,Day 2,24/11/2020,Paulo,1557.620 ,20,35.2,550
Position 2,M,M005,5,Day 2,24/11/2020,Paulo,1559.298 ,20.1,34.5,552.8
Position 2,M,M005,1,Day 2,24/11/2020,Jonas,1559.198 ,20.6,33,546.2
Position 2,M,M005,2,Day 2,24/11/2020,Jonas,1560.937 ,20.7,32.5,545.9
Position 2,M,M005,3,Day 2,24/11/2020,Jonas,1560.433 ,20.7,32.2,545.6
Position 2,M,M005,4,Day 2,24/11/2020,Jonas,1561.440 ,20.7,32.2,545.5
Position 2,M,M005,5,Day 2,24/11/2020,Jonas,1561.250 ,20.7,31.9,544.4
Position 2,M,M005,1,Day 2,24/11/2020,Maria,1559.999 ,18.6,33.6,554.3
Position 2,M,M005,2,Day 2,24/11/2020,Maria,1561.003 ,18.6,34,552.9
Position 2,M,M005,3,Day 2,24/11/2020,Maria,1559.371 ,18.7,34.2,554.6
Position 2,M,M005,4,Day 2,24/11/2020,Maria,1559.204 ,18.8,34.2,552.4
Position 2,M,M005,5,Day 2,24/11/2020,Maria,1560.426 ,18.9,34.5,551.7
Position 2,M,M005,1,Day 3,25/11/2020,Paulo,1561.443 ,20.4,33.5,546.3
Position 2,M,M005,2,Day 3,25/11/2020,Paulo,1559.005 ,20.4,33.5,545.4
Position 2,M,M005,3,Day 3,25/11/2020,Paulo,1559.429 ,20.5,33.1,545
Position 2,M,M005,4,Day 3,25/11/2020,Paulo,1559.636 ,20.5,33.3,546.5
Position 2,M,M005,5,Day 3,25/11/2020,Paulo,1560.479 ,20.5,33.2,546.9
Position 2,M,M005,1,Day 3,25/11/2020,Jonas,1557.690 ,21.2,32.5,538.7
Position 2,M,M005,2,Day 3,25/11/2020,Jonas,1557.038 ,21.2,32.5,538
Position 2,M,M005,3,Day 3,25/11/2020,Jonas,1559.699 ,21.2,32.2,538.4
Position 2,M,M005,4,Day 3,25/11/2020,Jonas,1558.699 ,21,32.1,538.4
Position 2,M,M005,5,Day 3,25/11/2020,Jonas,1560.564 ,21.2,32.2,540.4
Position 2,M,M005,1,Day 3,25/11/2020,Maria,1557.488 ,19.5,33.9,550.2
Position 2,M,M005,2,Day 3,25/11/2020,Maria,1560.746 ,19.6,34,552.2
Position 2,M,M005,3,Day 3,25/11/2020,Maria,1560.498 ,19.6,33.9,550.9
Position 2,M,M005,4,Day 3,25/11/2020,Maria,1555.694 ,19.6,34,550.5
Position 2,M,M005,5,Day 3,25/11/2020,Maria,1561.029 ,19.7,34.1,552.3
Position 1,S,S001,1,Day 1,17/11/2020,Paulo,1223.033 ,23.4,32.5,646.6
Position 1,S,S001,2,Day 1,17/11/2020,Paulo,1219.933 ,23.5,32.5,652.1
Position 1,S,S001,3,Day 1,17/11/2020,Paulo,1217.105 ,23.5,32.4,664.9
Position 1,S,S001,4,Day 1,17/11/2020,Paulo,1216.283 ,23.6,32.8,667.5
Position 1,S,S001,5,Day 1,17/11/2020,Paulo,1221.727 ,23.6,32.6,687.1
Position 1,S,S001,1,Day 1,17/11/2020,Jonas,1216.860 ,24.9,29.9,476.9
Position 1,S,S001,2,Day 1,17/11/2020,Jonas,1224.854 ,24.1,30.4,474.5
Position 1,S,S001,3,Day 1,17/11/2020,Jonas,1217.207 ,24,30.9,478.6
Position 1,S,S001,4,Day 1,17/11/2020,Jonas,1216.056 ,23.8,30.8,483.9
Position 1,S,S001,5,Day 1,17/11/2020,Jonas,1222.574 ,23.7,31,488.6
Position 1,S,S001,1,Day 1,17/11/2020,Maria,1223.499 ,21.5,31.9,532.3
Position 1,S,S001,2,Day 1,17/11/2020,Maria,1223.043 ,21.6,31.8,538.2
Position 1,S,S001,3,Day 1,17/11/2020,Maria,1220.250 ,21.7,31.8,543.9
Position 1,S,S001,4,Day 1,17/11/2020,Maria,1215.327 ,21.8,31.4,552.1
Position 1,S,S001,5,Day 1,17/11/2020,Maria,1214.717 ,21.9,31.3,552.4
Position 1,S,S001,1,Day 2,18/11/2020,Paulo,1223.501 ,22.9,34.6,572.2
Position 1,S,S001,2,Day 2,18/11/2020,Paulo,1219.897 ,22.9,35,567.5
Position 1,S,S001,3,Day 2,18/11/2020,Paulo,1216.794 ,22.9,35.3,560.5
Position 1,S,S001,4,Day 2,18/11/2020,Paulo,1215.620 ,23,35.3,555.1
Position 1,S,S001,5,Day 2,18/11/2020,Paulo,1223.456 ,23,35.4,550.6
Position 1,S,S001,1,Day 2,18/11/2020,Jonas,1228.344 ,22.5,35.6,511.2
Position 1,S,S001,2,Day 2,18/11/2020,Jonas,1222.011 ,22.5,35.5,512.7
Position 1,S,S001,3,Day 2,18/11/2020,Jonas,1216.101 ,22.5,35.7,512.5
Position 1,S,S001,4,Day 2,18/11/2020,Jonas,1217.617 ,22.5,35.6,514.8
Position 1,S,S001,5,Day 2,18/11/2020,Jonas,1221.445 ,22.5,35.6,514.7
Position 1,S,S001,1,Day 2,18/11/2020,Maria,1225.020 ,21.9,31.1,530.9
Position 1,S,S001,2,Day 2,18/11/2020,Maria,1224.336 ,21.9,31.1,533.1
Position 1,S,S001,3,Day 2,18/11/2020,Maria,1222.277 ,22,31.2,538.5
Position 1,S,S001,4,Day 2,18/11/2020,Maria,1216.870 ,22,31.3,535.9
Position 1,S,S001,5,Day 2,18/11/2020,Maria,1214.946 ,22,31.5,537.9
Position 1,S,S001,1,Day 3,25/11/2020,Paulo,1225.665 ,19.7,34.3,553.5
Position 1,S,S001,2,Day 3,25/11/2020,Paulo,1218.376 ,19.7,34.2,552.6
Position 1,S,S001,3,Day 3,25/11/2020,Paulo,1215.132 ,19.8,34.3,551.4
Position 1,S,S001,4,Day 3,25/11/2020,Paulo,1217.591 ,19.8,34.3,551.1
Position 1,S,S001,5,Day 3,25/11/2020,Paulo,1223.865 ,19.8,34.3,551.9
Position 1,S,S001,1,Day 3,25/11/2020,Jonas,1228.393 ,20.8,32.6,543.3
Position 1,S,S001,2,Day 3,25/11/2020,Jonas,1216.862 ,20.9,32.7,544.4
Position 1,S,S001,3,Day 3,25/11/2020,Jonas,1223.273 ,20.9,32.6,539.3
Position 1,S,S001,4,Day 3,25/11/2020,Jonas,1224.917 ,20.9,32.5,539.3
Position 1,S,S001,5,Day 3,25/11/2020,Jonas,1223.587 ,21,32.4,537.4
Position 1,S,S001,1,Day 3,25/11/2020,Maria,1225.493 ,18.7,35.7,548.8
Position 1,S,S001,2,Day 3,25/11/2020,Maria,1224.326 ,18.8,35.8,548.8
Position 1,S,S001,3,Day 3,25/11/2020,Maria,1219.603 ,18.9,35.4,548.2
Position 1,S,S001,4,Day 3,25/11/2020,Maria,1218.490 ,19,35.1,549.8
Position 1,S,S001,5,Day 3,25/11/2020,Maria,1216.409 ,19,34,550.6
Position 2,S,S002,1,Day 1,17/11/2020,Paulo,1213.510 ,23.5,32.4,647.3
Position 2,S,S002,2,Day 1,17/11/2020,Paulo,1209.960 ,23.5,32.7,656.7
Position 2,S,S002,3,Day 1,17/11/2020,Paulo,1208.375 ,23.6,32.6,676.3
Position 2,S,S002,4,Day 1,17/11/2020,Paulo,1212.661 ,23.6,32.5,668.4
Position 2,S,S002,5,Day 1,17/11/2020,Paulo,1219.349 ,23.6,32.6,694.4
Position 2,S,S002,1,Day 1,17/11/2020,Jonas,1215.797 ,24.6,29.7,477
Position 2,S,S002,2,Day 1,17/11/2020,Jonas,1210.145 ,24.1,30.7,477.4
Position 2,S,S002,3,Day 1,17/11/2020,Jonas,1211.753 ,23.9,30.8,480.3
Position 2,S,S002,4,Day 1,17/11/2020,Jonas,1217.261 ,23.8,30.9,487.1
Position 2,S,S002,5,Day 1,17/11/2020,Jonas,1212.410 ,23.7,31,488.1
Position 2,S,S002,1,Day 1,17/11/2020,Maria,1218.805 ,21.5,32.3,533.3
Position 2,S,S002,2,Day 1,17/11/2020,Maria,1219.055 ,21.6,31.6,542.3
Position 2,S,S002,3,Day 1,17/11/2020,Maria,1213.044 ,21.8,31.6,547.3
Position 2,S,S002,4,Day 1,17/11/2020,Maria,1209.875 ,21.9,31.1,554.7
Position 2,S,S002,5,Day 1,17/11/2020,Maria,1208.720 ,22,31.3,555.5
Position 2,S,S002,1,Day 2,18/11/2020,Paulo,1217.777 ,22.9,34.8,573
Position 2,S,S002,2,Day 2,18/11/2020,Paulo,1212.603 ,22.9,35.1,566.4
Position 2,S,S002,3,Day 2,18/11/2020,Paulo,1210.796 ,22.9,35.2,558.2
Position 2,S,S002,4,Day 2,18/11/2020,Paulo,1209.806 ,23,35.3,553.8
Position 2,S,S002,5,Day 2,18/11/2020,Paulo,1213.112 ,23,35.5,551
Position 2,S,S002,1,Day 2,18/11/2020,Jonas,1217.181 ,22.5,35.6,511.4
Position 2,S,S002,2,Day 2,18/11/2020,Jonas,1216.259 ,22.5,35.5,512.9
Position 2,S,S002,3,Day 2,18/11/2020,Jonas,1211.959 ,22.5,35.6,513.3
Position 2,S,S002,4,Day 2,18/11/2020,Jonas,1211.139 ,22.5,35.7,514.2
Position 2,S,S002,5,Day 2,18/11/2020,Jonas,1214.095 ,22.5,35.6,514.7
Position 2,S,S002,1,Day 2,18/11/2020,Maria,1217.675 ,21.9,31.1,534.7
Position 2,S,S002,2,Day 2,18/11/2020,Maria,1216.665 ,21.9,31.1,537.6
Position 2,S,S002,3,Day 2,18/11/2020,Maria,1212.740 ,21.9,31.2,537.1
Position 2,S,S002,4,Day 2,18/11/2020,Maria,1209.104 ,22,31.5,536
Position 2,S,S002,5,Day 2,18/11/2020,Maria,1211.199 ,22,31.6,540.6
Position 2,S,S002,1,Day 3,25/11/2020,Paulo,1213.543 ,19.7,34.2,552.1
Position 2,S,S002,2,Day 3,25/11/2020,Paulo,1213.895 ,19.8,34.3,552.5
Position 2,S,S002,3,Day 3,25/11/2020,Paulo,1209.818 ,19.8,34.3,551.5
Position 2,S,S002,4,Day 3,25/11/2020,Paulo,1211.526 ,19.8,34.5,551.9
Position 2,S,S002,5,Day 3,25/11/2020,Paulo,1213.206 ,19.9,34.3,550.8
Position 2,S,S002,1,Day 3,25/11/2020,Jonas,1209.568 ,20.8,32.6,543.7
Position 2,S,S002,2,Day 3,25/11/2020,Jonas,1218.229 ,20.9,32.9,540.6
Position 2,S,S002,3,Day 3,25/11/2020,Jonas,1211.537 ,20.9,32.7,538.8
Position 2,S,S002,4,Day 3,25/11/2020,Jonas,1207.125 ,21,32.3,539.2
Position 2,S,S002,5,Day 3,25/11/2020,Jonas,1218.203 ,21,32.3,538.6
Position 2,S,S002,1,Day 3,25/11/2020,Maria,1218.197 ,18.8,35.7,550.2
Position 2,S,S002,2,Day 3,25/11/2020,Maria,1218.746 ,18.8,35.7,549.2
Position 2,S,S002,3,Day 3,25/11/2020,Maria,1212.665 ,18.9,35.3,549.7
Position 2,S,S002,4,Day 3,25/11/2020,Maria,1209.751 ,19,35.1,550.7
Position 2,S,S002,5,Day 3,25/11/2020,Maria,1207.858 ,19.1,34.8,550.8
Position 3,S,S003,1,Day 1,17/11/2020,Paulo,1204.153 ,23.5,32.5,647.6
Position 3,S,S003,2,Day 1,17/11/2020,Paulo,1200.827 ,23.5,32.5,659.1
Position 3,S,S003,3,Day 1,17/11/2020,Paulo,1195.597 ,23.6,32.5,676.1
Position 3,S,S003,4,Day 1,17/11/2020,Paulo,1196.799 ,23.6,32.4,676.5
Position 3,S,S003,5,Day 1,17/11/2020,Paulo,1199.962 ,23.7,32.7,696.9
Position 3,S,S003,1,Day 1,17/11/2020,Jonas,1201.107,24.6,29.9,476
Position 3,S,S003,2,Day 1,17/11/2020,Jonas,1198.240 ,24,30.8,476.9
Position 3,S,S003,3,Day 1,17/11/2020,Jonas,1195.400 ,23.9,30.9,480.6
Position 3,S,S003,4,Day 1,17/11/2020,Jonas,1203.278 ,23.8,31,489.1
Position 3,S,S003,5,Day 1,17/11/2020,Jonas,1201.566 ,23.6,30.9,484.7
Position 3,S,S003,1,Day 1,17/11/2020,Maria,1202.905 ,21.5,32,535.3
Position 3,S,S003,2,Day 1,17/11/2020,Maria,1202.105 ,21.7,31.7,543.5
Position 3,S,S003,3,Day 1,17/11/2020,Maria,1198.066 ,21.8,31.4,548.9
Position 3,S,S003,4,Day 1,17/11/2020,Maria,1195.407 ,21.9,31.1,553.6
Position 3,S,S003,5,Day 1,17/11/2020,Maria,1194.046 ,22,31.1,555.2
Position 3,S,S003,1,Day 2,18/11/2020,Paulo,1204.442 ,22.9,34.9,571.8
Position 3,S,S003,2,Day 2,18/11/2020,Paulo,1199.537 ,22.9,35,565.3
Position 3,S,S003,3,Day 2,18/11/2020,Paulo,1195.432 ,23,35.2,557.2
Position 3,S,S003,4,Day 2,18/11/2020,Paulo,1196.169 ,23,35.4,552.7
Position 3,S,S003,5,Day 2,18/11/2020,Paulo,1201.097 ,23,35.4,550.6
Position 3,S,S003,1,Day 2,18/11/2020,Jonas,1202.733 ,22.5,35.5,512.8
Position 3,S,S003,2,Day 2,18/11/2020,Jonas,1203.567 ,22.5,35.7,513
Position 3,S,S003,3,Day 2,18/11/2020,Jonas,1196.622 ,22.5,35.5,514
Position 3,S,S003,4,Day 2,18/11/2020,Jonas,1196.288 ,22.5,35.6,515.2
Position 3,S,S003,5,Day 2,18/11/2020,Jonas,1197.869 ,22.5,35.8,513.9
Position 3,S,S003,1,Day 2,18/11/2020,Maria,1203.673 ,21.9,31,536.3
Position 3,S,S003,2,Day 2,18/11/2020,Maria,1199.610 ,21.9,31.2,539.2
Position 3,S,S003,3,Day 2,18/11/2020,Maria,1198.993 ,22,31.3,536.4
Position 3,S,S003,4,Day 2,18/11/2020,Maria,1193.615 ,22,31.4,538.1
Position 3,S,S003,5,Day 2,18/11/2020,Maria,1195.844 ,22,31.5,542.7
Position 3,S,S003,1,Day 3,25/11/2020,Paulo,1202.497 ,19.7,34.2,553.4
Position 3,S,S003,2,Day 3,25/11/2020,Paulo,1199.411 ,19.8,34.3,551.9
Position 3,S,S003,3,Day 3,25/11/2020,Paulo,1197.915 ,19.8,34.3,552.9
Position 3,S,S003,4,Day 3,25/11/2020,Paulo,1197.522 ,19.8,34.4,550.9
Position 3,S,S003,5,Day 3,25/11/2020,Paulo,1198.536 ,19.9,34.3,552.2
Position 3,S,S003,1,Day 3,25/11/2020,Jonas,1200.471 ,20.8,32.6,541.4
Position 3,S,S003,2,Day 3,25/11/2020,Jonas,1196.542 ,20.9,32.6,539.3
Position 3,S,S003,3,Day 3,25/11/2020,Jonas,1202.315 ,20.9,32.6,540
Position 3,S,S003,4,Day 3,25/11/2020,Jonas,1196.299 ,21,32.3,539.5
Position 3,S,S003,5,Day 3,25/11/2020,Jonas,1197.873 ,21,32.3,539.4
Position 3,S,S003,1,Day 3,25/11/2020,Maria,1205.078 ,18.8,35.6,548.6
Position 3,S,S003,2,Day 3,25/11/2020,Maria,1200.687 ,18.9,35.5,549.7
Position 3,S,S003,3,Day 3,25/11/2020,Maria,1197.799 ,18.9,35.2,550.6
Position 3,S,S003,4,Day 3,25/11/2020,Maria,1194.139 ,19,34.7,551.4
Position 3,S,S003,5,Day 3,25/11/2020,Maria,1193.755 ,19.1,34.6,552.4
Position 1,S,S004,1,Day 1,17/11/2020,Paulo,1220.691 ,23.7,32.7,699.6
Position 1,S,S004,2,Day 1,17/11/2020,Paulo,1218.323 ,23.8,32.3,695.5
Position 1,S,S004,3,Day 1,17/11/2020,Paulo,1214.154 ,23.7,32.3,748.4
Position 1,S,S004,4,Day 1,17/11/2020,Paulo,1210.650 ,23.7,32.4,850.5
Position 1,S,S004,5,Day 1,17/11/2020,Paulo,1214.049 ,23.7,32.7,992.2
Position 1,S,S004,1,Day 1,17/11/2020,Jonas,1212.641 ,23.6,31.2,482.6
Position 1,S,S004,2,Day 1,17/11/2020,Jonas,1218.234 ,23.6,31.2,480.3
Position 1,S,S004,3,Day 1,17/11/2020,Jonas,1220.860 ,23.5,31.3,481.8
Position 1,S,S004,4,Day 1,17/11/2020,Jonas,1217.360 ,23.5,31.4,487.2
Position 1,S,S004,5,Day 1,17/11/2020,Jonas,1213.131 ,23.4,31.5,483.3
Position 1,S,S004,1,Day 1,17/11/2020,Maria,1220.256 ,22,31.3,553.7
Position 1,S,S004,2,Day 1,17/11/2020,Maria,1219.768 ,22.1,31.4,554.6
Position 1,S,S004,3,Day 1,17/11/2020,Maria,1215.327 ,22.2,31.5,559.4
Position 1,S,S004,4,Day 1,17/11/2020,Maria,1212.288 ,22.3,31.3,558
Position 1,S,S004,5,Day 1,17/11/2020,Maria,1212.202 ,22.3,31.4,554.7
Position 1,S,S004,1,Day 2,18/11/2020,Paulo,1220.527 ,23,35.6,547.1
Position 1,S,S004,2,Day 2,18/11/2020,Paulo,1213.378 ,23,35.7,547.2
Position 1,S,S004,3,Day 2,18/11/2020,Paulo,1212.365 ,23,35.4,543.8
Position 1,S,S004,4,Day 2,18/11/2020,Paulo,1214.329 ,23,35.5,541.9
Position 1,S,S004,5,Day 2,18/11/2020,Paulo,1219.227 ,23,35.5,539.9
Position 1,S,S004,1,Day 2,18/11/2020,Jonas,1221.050 ,22.5,36.1,513.6
Position 1,S,S004,2,Day 2,18/11/2020,Jonas,1216.745 ,22.4,36.2,514.1
Position 1,S,S004,3,Day 2,18/11/2020,Jonas,1209.446 ,22.4,36.3,513.4
Position 1,S,S004,4,Day 2,18/11/2020,Jonas,1211.761 ,22.5,36.7,513.9
Position 1,S,S004,5,Day 2,18/11/2020,Jonas,1213.445 ,22.4,36.4,513.6
Position 1,S,S004,1,Day 2,18/11/2020,Maria,1219.657 ,22,31.7,544.4
Position 1,S,S004,2,Day 2,18/11/2020,Maria,1217.998 ,22.1,31.8,541.4
Position 1,S,S004,3,Day 2,18/11/2020,Maria,1212.936 ,22.1,31.9,547.4
Position 1,S,S004,4,Day 2,18/11/2020,Maria,1212.145 ,22.2,31.9,543
Position 1,S,S004,5,Day 2,18/11/2020,Maria,1209.441 ,22.2,32.1,540.6
Position 1,S,S004,1,Day 3,25/11/2020,Paulo,1221.133 ,19.9,34.3,552.5
Position 1,S,S004,2,Day 3,25/11/2020,Paulo,1214.987 ,19.9,34.2,551.7
Position 1,S,S004,3,Day 3,25/11/2020,Paulo,1211.419 ,19.9,34.3,552.8
Position 1,S,S004,4,Day 3,25/11/2020,Paulo,1212.897 ,19.9,34.3,551.7
Position 1,S,S004,5,Day 3,25/11/2020,Paulo,1217.407 ,20,34.4,552
Position 1,S,S004,1,Day 3,25/11/2020,Jonas,1218.930 ,21,32.5,540.2
Position 1,S,S004,2,Day 3,25/11/2020,Jonas,1218.147 ,21,32.9,538.1
Position 1,S,S004,3,Day 3,25/11/2020,Jonas,1212.461 ,21,32.6,538.1
Position 1,S,S004,4,Day 3,25/11/2020,Jonas,1211.710 ,21,32.6,537.4
Position 1,S,S004,5,Day 3,25/11/2020,Jonas,1217.728 ,21.1,32.4,536.7
Position 1,S,S004,1,Day 3,25/11/2020,Maria,1219.667 ,19.1,34.4,550.1
Position 1,S,S004,2,Day 3,25/11/2020,Maria,1217.780 ,19.2,34.3,551
Position 1,S,S004,3,Day 3,25/11/2020,Maria,1213.520 ,19.2,33.8,549.8
Position 1,S,S004,4,Day 3,25/11/2020,Maria,1212.340 ,19.2,33.6,538.5
Position 1,S,S004,5,Day 3,25/11/2020,Maria,1210.837 ,19.3,33.5,552.1
Position 2,S,S005,1,Day 1,17/11/2020,Paulo,1212.230 ,23.7,32.6,707.9
Position 2,S,S005,2,Day 1,17/11/2020,Paulo,1218.312 ,23.8,32.3,721.7
Position 2,S,S005,3,Day 1,17/11/2020,Paulo,1224.860 ,23.7,32.3,778.1
Position 2,S,S005,4,Day 1,17/11/2020,Paulo,1221.166 ,23.7,32.4,939
Position 2,S,S005,5,Day 1,17/11/2020,Paulo,1215.232 ,23.7,32.3,956.8
Position 2,S,S005,1,Day 1,17/11/2020,Jonas,1219.634 ,23.6,31.4,480.6
Position 2,S,S005,2,Day 1,17/11/2020,Jonas,1224.266 ,23.5,31.4,482.2
Position 2,S,S005,3,Day 1,17/11/2020,Jonas,1219.424 ,23.5,31.2,482
Position 2,S,S005,4,Day 1,17/11/2020,Jonas,1215.054 ,23.4,31.5,485.3
Position 2,S,S005,5,Day 1,17/11/2020,Jonas,1213.478 ,23.4,31.6,483.2
Position 2,S,S005,1,Day 1,17/11/2020,Maria,1213.863 ,22.1,31.5,555.2
Position 2,S,S005,2,Day 1,17/11/2020,Maria,1217.226 ,22.2,31.3,556.4
Position 2,S,S005,3,Day 1,17/11/2020,Maria,1217.600 ,22.2,31.5,560.8
Position 2,S,S005,4,Day 1,17/11/2020,Maria,1220.912 ,22.3,31.2,554.6
Position 2,S,S005,5,Day 1,17/11/2020,Maria,1222.887 ,22.4,31.5,554.7
Position 2,S,S005,1,Day 2,18/11/2020,Paulo,1214.318 ,23,35.5,548
Position 2,S,S005,2,Day 2,18/11/2020,Paulo,1221.082 ,23,35.6,547.5
Position 2,S,S005,3,Day 2,18/11/2020,Paulo,1224.145 ,23,35.6,545.7
Position 2,S,S005,4,Day 2,18/11/2020,Paulo,1221.656 ,23,35.6,541.3
Position 2,S,S005,5,Day 2,18/11/2020,Paulo,1216.104 ,23,35.6,539.7
Position 2,S,S005,1,Day 2,18/11/2020,Jonas,1212.946 ,22.5,36.1,514.7
Position 2,S,S005,2,Day 2,18/11/2020,Jonas,1218.304 ,22.4,36.3,515.6
Position 2,S,S005,3,Day 2,18/11/2020,Jonas,1224.105 ,22.4,36.5,511.5
Position 2,S,S005,4,Day 2,18/11/2020,Jonas,1224.806 ,22.5,36.6,514.9
Position 2,S,S005,5,Day 2,18/11/2020,Jonas,1220.252 ,22.4,36.3,513.6
Position 2,S,S005,1,Day 2,18/11/2020,Maria,1212.818 ,22,31.8,544.6
Position 2,S,S005,2,Day 2,18/11/2020,Maria,1217.139 ,22.1,31.8,546.6
Position 2,S,S005,3,Day 2,18/11/2020,Maria,1217.605 ,22.1,31.8,545.8
Position 2,S,S005,4,Day 2,18/11/2020,Maria,1223.143 ,22.2,32,540.8
Position 2,S,S005,5,Day 2,18/11/2020,Maria,1224.759 ,22.2,32.2,545.6
Position 2,S,S005,1,Day 3,25/11/2020,Paulo,1212.867 ,19.9,34.3,551.4
Position 2,S,S005,2,Day 3,25/11/2020,Paulo,1218.329 ,19.9,34.2,551.4
Position 2,S,S005,3,Day 3,25/11/2020,Paulo,1223.347 ,19.9,34.3,553.6
Position 2,S,S005,4,Day 3,25/11/2020,Paulo,1220.613 ,20,34.3,552.1
Position 2,S,S005,5,Day 3,25/11/2020,Paulo,1216.736 ,20,34.2,551.2
Position 2,S,S005,1,Day 3,25/11/2020,Jonas,1213.179 ,21,32.2,540.2
Position 2,S,S005,2,Day 3,25/11/2020,Jonas,1221.872 ,21,32.7,538.3
Position 2,S,S005,3,Day 3,25/11/2020,Jonas,1216.061 ,21.1,32.6,539.1
Position 2,S,S005,4,Day 3,25/11/2020,Jonas,1223.074 ,21.1,32.3,537.7
Position 2,S,S005,5,Day 3,25/11/2020,Jonas,1217.026 ,21.1,32.2,535.8
Position 2,S,S005,1,Day 3,25/11/2020,Maria,1214.437 ,19.1,34.4,551
Position 2,S,S005,2,Day 3,25/11/2020,Maria,1216.406 ,19.2,34.2,550.9
Position 2,S,S005,3,Day 3,25/11/2020,Maria,1219.108 ,19.2,33.7,550.3
Position 2,S,S005,4,Day 3,25/11/2020,Maria,1222.408 ,19.3,33.8,552.2
Position 2,S,S005,5,Day 3,25/11/2020,Maria,1223.412 ,19.3,33.7,550.6
